{"pos":{"x":-6.787703037261963,"y":-3.846250534057617,"z":-0.55908203125}}