{"pos":{"x":-6.951999187469482,"y":-3.846329689025879,"z":-0.55908203125}}