{"pos":{"x":-6.5179595947265629,"y":-3.846250534057617,"z":-0.55908203125}}