{"pos":{"x":-4.455389976501465,"y":-3.846250534057617,"z":-0.55908203125}}